system:index,date,pdsi,.geo
196001,1960-01-01,250,"{""type"":""MultiPoint"",""coordinates"":[]}"
196002,1960-02-01,343,"{""type"":""MultiPoint"",""coordinates"":[]}"
196003,1960-03-01,358,"{""type"":""MultiPoint"",""coordinates"":[]}"
196004,1960-04-01,357,"{""type"":""MultiPoint"",""coordinates"":[]}"
196005,1960-05-01,340,"{""type"":""MultiPoint"",""coordinates"":[]}"
196006,1960-06-01,236,"{""type"":""MultiPoint"",""coordinates"":[]}"
196007,1960-07-01,251,"{""type"":""MultiPoint"",""coordinates"":[]}"
196008,1960-08-01,255,"{""type"":""MultiPoint"",""coordinates"":[]}"
196009,1960-09-01,256,"{""type"":""MultiPoint"",""coordinates"":[]}"
196010,1960-10-01,199,"{""type"":""MultiPoint"",""coordinates"":[]}"
196011,1960-11-01,95,"{""type"":""MultiPoint"",""coordinates"":[]}"
196012,1960-12-01,-194,"{""type"":""MultiPoint"",""coordinates"":[]}"
196101,1961-01-01,-253,"{""type"":""MultiPoint"",""coordinates"":[]}"
196102,1961-02-01,-218,"{""type"":""MultiPoint"",""coordinates"":[]}"
196103,1961-03-01,-198,"{""type"":""MultiPoint"",""coordinates"":[]}"
196104,1961-04-01,-131,"{""type"":""MultiPoint"",""coordinates"":[]}"
196105,1961-05-01,-93,"{""type"":""MultiPoint"",""coordinates"":[]}"
196106,1961-06-01,159,"{""type"":""MultiPoint"",""coordinates"":[]}"
196107,1961-07-01,143,"{""type"":""MultiPoint"",""coordinates"":[]}"
196108,1961-08-01,219,"{""type"":""MultiPoint"",""coordinates"":[]}"
196109,1961-09-01,133,"{""type"":""MultiPoint"",""coordinates"":[]}"
196110,1961-10-01,-127,"{""type"":""MultiPoint"",""coordinates"":[]}"
196111,1961-11-01,-165,"{""type"":""MultiPoint"",""coordinates"":[]}"
196112,1961-12-01,-139,"{""type"":""MultiPoint"",""coordinates"":[]}"
196201,1962-01-01,112,"{""type"":""MultiPoint"",""coordinates"":[]}"
196202,1962-02-01,92,"{""type"":""MultiPoint"",""coordinates"":[]}"
196203,1962-03-01,99,"{""type"":""MultiPoint"",""coordinates"":[]}"
196204,1962-04-01,148,"{""type"":""MultiPoint"",""coordinates"":[]}"
196205,1962-05-01,61,"{""type"":""MultiPoint"",""coordinates"":[]}"
196206,1962-06-01,141,"{""type"":""MultiPoint"",""coordinates"":[]}"
196207,1962-07-01,199,"{""type"":""MultiPoint"",""coordinates"":[]}"
196208,1962-08-01,167,"{""type"":""MultiPoint"",""coordinates"":[]}"
196209,1962-09-01,194,"{""type"":""MultiPoint"",""coordinates"":[]}"
196210,1962-10-01,111,"{""type"":""MultiPoint"",""coordinates"":[]}"
196211,1962-11-01,231,"{""type"":""MultiPoint"",""coordinates"":[]}"
196212,1962-12-01,239,"{""type"":""MultiPoint"",""coordinates"":[]}"
196301,1963-01-01,214,"{""type"":""MultiPoint"",""coordinates"":[]}"
196302,1963-02-01,214,"{""type"":""MultiPoint"",""coordinates"":[]}"
196303,1963-03-01,191,"{""type"":""MultiPoint"",""coordinates"":[]}"
196304,1963-04-01,126,"{""type"":""MultiPoint"",""coordinates"":[]}"
196305,1963-05-01,108,"{""type"":""MultiPoint"",""coordinates"":[]}"
196306,1963-06-01,-48,"{""type"":""MultiPoint"",""coordinates"":[]}"
196307,1963-07-01,12,"{""type"":""MultiPoint"",""coordinates"":[]}"
196308,1963-08-01,-158,"{""type"":""MultiPoint"",""coordinates"":[]}"
196309,1963-09-01,-120,"{""type"":""MultiPoint"",""coordinates"":[]}"
196310,1963-10-01,-231,"{""type"":""MultiPoint"",""coordinates"":[]}"
196311,1963-11-01,-104,"{""type"":""MultiPoint"",""coordinates"":[]}"
196312,1963-12-01,144,"{""type"":""MultiPoint"",""coordinates"":[]}"
196401,1964-01-01,171,"{""type"":""MultiPoint"",""coordinates"":[]}"
196402,1964-02-01,215,"{""type"":""MultiPoint"",""coordinates"":[]}"
196403,1964-03-01,153,"{""type"":""MultiPoint"",""coordinates"":[]}"
196404,1964-04-01,158,"{""type"":""MultiPoint"",""coordinates"":[]}"
196405,1964-05-01,-110,"{""type"":""MultiPoint"",""coordinates"":[]}"
196406,1964-06-01,-160,"{""type"":""MultiPoint"",""coordinates"":[]}"
196407,1964-07-01,-148,"{""type"":""MultiPoint"",""coordinates"":[]}"
196408,1964-08-01,-94,"{""type"":""MultiPoint"",""coordinates"":[]}"
196409,1964-09-01,33,"{""type"":""MultiPoint"",""coordinates"":[]}"
196410,1964-10-01,194,"{""type"":""MultiPoint"",""coordinates"":[]}"
196411,1964-11-01,149,"{""type"":""MultiPoint"",""coordinates"":[]}"
196412,1964-12-01,201,"{""type"":""MultiPoint"",""coordinates"":[]}"
196501,1965-01-01,112,"{""type"":""MultiPoint"",""coordinates"":[]}"
196502,1965-02-01,105,"{""type"":""MultiPoint"",""coordinates"":[]}"
196503,1965-03-01,155,"{""type"":""MultiPoint"",""coordinates"":[]}"
196504,1965-04-01,122,"{""type"":""MultiPoint"",""coordinates"":[]}"
196505,1965-05-01,-80,"{""type"":""MultiPoint"",""coordinates"":[]}"
196506,1965-06-01,87,"{""type"":""MultiPoint"",""coordinates"":[]}"
196507,1965-07-01,242,"{""type"":""MultiPoint"",""coordinates"":[]}"
196508,1965-08-01,232,"{""type"":""MultiPoint"",""coordinates"":[]}"
196509,1965-09-01,211,"{""type"":""MultiPoint"",""coordinates"":[]}"
196510,1965-10-01,162,"{""type"":""MultiPoint"",""coordinates"":[]}"
196511,1965-11-01,76,"{""type"":""MultiPoint"",""coordinates"":[]}"
196512,1965-12-01,-219,"{""type"":""MultiPoint"",""coordinates"":[]}"
196601,1966-01-01,-208,"{""type"":""MultiPoint"",""coordinates"":[]}"
196602,1966-02-01,-152,"{""type"":""MultiPoint"",""coordinates"":[]}"
196603,1966-03-01,-190,"{""type"":""MultiPoint"",""coordinates"":[]}"
196604,1966-04-01,-186,"{""type"":""MultiPoint"",""coordinates"":[]}"
196605,1966-05-01,-97,"{""type"":""MultiPoint"",""coordinates"":[]}"
196606,1966-06-01,-108,"{""type"":""MultiPoint"",""coordinates"":[]}"
196607,1966-07-01,-199,"{""type"":""MultiPoint"",""coordinates"":[]}"
196608,1966-08-01,-186,"{""type"":""MultiPoint"",""coordinates"":[]}"
196609,1966-09-01,-163,"{""type"":""MultiPoint"",""coordinates"":[]}"
196610,1966-10-01,-186,"{""type"":""MultiPoint"",""coordinates"":[]}"
196611,1966-11-01,-234,"{""type"":""MultiPoint"",""coordinates"":[]}"
196612,1966-12-01,-280,"{""type"":""MultiPoint"",""coordinates"":[]}"
196701,1967-01-01,-360,"{""type"":""MultiPoint"",""coordinates"":[]}"
196702,1967-02-01,-389,"{""type"":""MultiPoint"",""coordinates"":[]}"
196703,1967-03-01,-451,"{""type"":""MultiPoint"",""coordinates"":[]}"
196704,1967-04-01,-455,"{""type"":""MultiPoint"",""coordinates"":[]}"
196705,1967-05-01,-411,"{""type"":""MultiPoint"",""coordinates"":[]}"
196706,1967-06-01,-376,"{""type"":""MultiPoint"",""coordinates"":[]}"
196707,1967-07-01,-354,"{""type"":""MultiPoint"",""coordinates"":[]}"
196708,1967-08-01,-237,"{""type"":""MultiPoint"",""coordinates"":[]}"
196709,1967-09-01,-218,"{""type"":""MultiPoint"",""coordinates"":[]}"
196710,1967-10-01,-257,"{""type"":""MultiPoint"",""coordinates"":[]}"
196711,1967-11-01,-284,"{""type"":""MultiPoint"",""coordinates"":[]}"
196712,1967-12-01,-221,"{""type"":""MultiPoint"",""coordinates"":[]}"
196801,1968-01-01,-181,"{""type"":""MultiPoint"",""coordinates"":[]}"
196802,1968-02-01,-260,"{""type"":""MultiPoint"",""coordinates"":[]}"
196803,1968-03-01,-286,"{""type"":""MultiPoint"",""coordinates"":[]}"
196804,1968-04-01,-270,"{""type"":""MultiPoint"",""coordinates"":[]}"
196805,1968-05-01,-267,"{""type"":""MultiPoint"",""coordinates"":[]}"
196806,1968-06-01,-295,"{""type"":""MultiPoint"",""coordinates"":[]}"
196807,1968-07-01,-295,"{""type"":""MultiPoint"",""coordinates"":[]}"
196808,1968-08-01,-390,"{""type"":""MultiPoint"",""coordinates"":[]}"
196809,1968-09-01,-468,"{""type"":""MultiPoint"",""coordinates"":[]}"
196810,1968-10-01,-424,"{""type"":""MultiPoint"",""coordinates"":[]}"
196811,1968-11-01,-376,"{""type"":""MultiPoint"",""coordinates"":[]}"
196812,1968-12-01,-374,"{""type"":""MultiPoint"",""coordinates"":[]}"
196901,1969-01-01,-390,"{""type"":""MultiPoint"",""coordinates"":[]}"
196902,1969-02-01,-367,"{""type"":""MultiPoint"",""coordinates"":[]}"
196903,1969-03-01,-311,"{""type"":""MultiPoint"",""coordinates"":[]}"
196904,1969-04-01,-305,"{""type"":""MultiPoint"",""coordinates"":[]}"
196905,1969-05-01,-342,"{""type"":""MultiPoint"",""coordinates"":[]}"
196906,1969-06-01,-281,"{""type"":""MultiPoint"",""coordinates"":[]}"
196907,1969-07-01,-281,"{""type"":""MultiPoint"",""coordinates"":[]}"
196908,1969-08-01,-226,"{""type"":""MultiPoint"",""coordinates"":[]}"
196909,1969-09-01,-160,"{""type"":""MultiPoint"",""coordinates"":[]}"
196910,1969-10-01,-177,"{""type"":""MultiPoint"",""coordinates"":[]}"
196911,1969-11-01,-216,"{""type"":""MultiPoint"",""coordinates"":[]}"
196912,1969-12-01,-212,"{""type"":""MultiPoint"",""coordinates"":[]}"
197001,1970-01-01,-239,"{""type"":""MultiPoint"",""coordinates"":[]}"
197002,1970-02-01,-209,"{""type"":""MultiPoint"",""coordinates"":[]}"
197003,1970-03-01,-178,"{""type"":""MultiPoint"",""coordinates"":[]}"
197004,1970-04-01,-156,"{""type"":""MultiPoint"",""coordinates"":[]}"
197005,1970-05-01,-195,"{""type"":""MultiPoint"",""coordinates"":[]}"
197006,1970-06-01,-230,"{""type"":""MultiPoint"",""coordinates"":[]}"
197007,1970-07-01,-203,"{""type"":""MultiPoint"",""coordinates"":[]}"
197008,1970-08-01,-178,"{""type"":""MultiPoint"",""coordinates"":[]}"
197009,1970-09-01,-259,"{""type"":""MultiPoint"",""coordinates"":[]}"
197010,1970-10-01,-232,"{""type"":""MultiPoint"",""coordinates"":[]}"
197011,1970-11-01,-237,"{""type"":""MultiPoint"",""coordinates"":[]}"
197012,1970-12-01,-286,"{""type"":""MultiPoint"",""coordinates"":[]}"
197101,1971-01-01,-307,"{""type"":""MultiPoint"",""coordinates"":[]}"
197102,1971-02-01,-252,"{""type"":""MultiPoint"",""coordinates"":[]}"
197103,1971-03-01,-229,"{""type"":""MultiPoint"",""coordinates"":[]}"
197104,1971-04-01,-217,"{""type"":""MultiPoint"",""coordinates"":[]}"
197105,1971-05-01,-116,"{""type"":""MultiPoint"",""coordinates"":[]}"
197106,1971-06-01,-141,"{""type"":""MultiPoint"",""coordinates"":[]}"
197107,1971-07-01,-127,"{""type"":""MultiPoint"",""coordinates"":[]}"
197108,1971-08-01,-93,"{""type"":""MultiPoint"",""coordinates"":[]}"
197109,1971-09-01,-74,"{""type"":""MultiPoint"",""coordinates"":[]}"
197110,1971-10-01,230,"{""type"":""MultiPoint"",""coordinates"":[]}"
197111,1971-11-01,218,"{""type"":""MultiPoint"",""coordinates"":[]}"
197112,1971-12-01,143,"{""type"":""MultiPoint"",""coordinates"":[]}"
197201,1972-01-01,73,"{""type"":""MultiPoint"",""coordinates"":[]}"
197202,1972-02-01,118,"{""type"":""MultiPoint"",""coordinates"":[]}"
197203,1972-03-01,-63,"{""type"":""MultiPoint"",""coordinates"":[]}"
197204,1972-04-01,-92,"{""type"":""MultiPoint"",""coordinates"":[]}"
197205,1972-05-01,89,"{""type"":""MultiPoint"",""coordinates"":[]}"
197206,1972-06-01,158,"{""type"":""MultiPoint"",""coordinates"":[]}"
197207,1972-07-01,199,"{""type"":""MultiPoint"",""coordinates"":[]}"
197208,1972-08-01,178,"{""type"":""MultiPoint"",""coordinates"":[]}"
197209,1972-09-01,234,"{""type"":""MultiPoint"",""coordinates"":[]}"
197210,1972-10-01,273,"{""type"":""MultiPoint"",""coordinates"":[]}"
197211,1972-11-01,382,"{""type"":""MultiPoint"",""coordinates"":[]}"
197212,1972-12-01,447,"{""type"":""MultiPoint"",""coordinates"":[]}"
197301,1973-01-01,381,"{""type"":""MultiPoint"",""coordinates"":[]}"
197302,1973-02-01,408,"{""type"":""MultiPoint"",""coordinates"":[]}"
197303,1973-03-01,402,"{""type"":""MultiPoint"",""coordinates"":[]}"
197304,1973-04-01,443,"{""type"":""MultiPoint"",""coordinates"":[]}"
197305,1973-05-01,406,"{""type"":""MultiPoint"",""coordinates"":[]}"
197306,1973-06-01,473,"{""type"":""MultiPoint"",""coordinates"":[]}"
197307,1973-07-01,434,"{""type"":""MultiPoint"",""coordinates"":[]}"
197308,1973-08-01,438,"{""type"":""MultiPoint"",""coordinates"":[]}"
197309,1973-09-01,336,"{""type"":""MultiPoint"",""coordinates"":[]}"
197310,1973-10-01,206,"{""type"":""MultiPoint"",""coordinates"":[]}"
197311,1973-11-01,73,"{""type"":""MultiPoint"",""coordinates"":[]}"
197312,1973-12-01,96,"{""type"":""MultiPoint"",""coordinates"":[]}"
197401,1974-01-01,80,"{""type"":""MultiPoint"",""coordinates"":[]}"
197402,1974-02-01,63,"{""type"":""MultiPoint"",""coordinates"":[]}"
197403,1974-03-01,-161,"{""type"":""MultiPoint"",""coordinates"":[]}"
197404,1974-04-01,-186,"{""type"":""MultiPoint"",""coordinates"":[]}"
197405,1974-05-01,-96,"{""type"":""MultiPoint"",""coordinates"":[]}"
197406,1974-06-01,-79,"{""type"":""MultiPoint"",""coordinates"":[]}"
197407,1974-07-01,-134,"{""type"":""MultiPoint"",""coordinates"":[]}"
197408,1974-08-01,90,"{""type"":""MultiPoint"",""coordinates"":[]}"
197409,1974-09-01,164,"{""type"":""MultiPoint"",""coordinates"":[]}"
197410,1974-10-01,102,"{""type"":""MultiPoint"",""coordinates"":[]}"
197411,1974-11-01,-53,"{""type"":""MultiPoint"",""coordinates"":[]}"
197412,1974-12-01,26,"{""type"":""MultiPoint"",""coordinates"":[]}"
197501,1975-01-01,129,"{""type"":""MultiPoint"",""coordinates"":[]}"
197502,1975-02-01,111,"{""type"":""MultiPoint"",""coordinates"":[]}"
197503,1975-03-01,272,"{""type"":""MultiPoint"",""coordinates"":[]}"
197504,1975-04-01,197,"{""type"":""MultiPoint"",""coordinates"":[]}"
197505,1975-05-01,159,"{""type"":""MultiPoint"",""coordinates"":[]}"
197506,1975-06-01,67,"{""type"":""MultiPoint"",""coordinates"":[]}"
197507,1975-07-01,177,"{""type"":""MultiPoint"",""coordinates"":[]}"
197508,1975-08-01,80,"{""type"":""MultiPoint"",""coordinates"":[]}"
197509,1975-09-01,188,"{""type"":""MultiPoint"",""coordinates"":[]}"
197510,1975-10-01,143,"{""type"":""MultiPoint"",""coordinates"":[]}"
197511,1975-11-01,122,"{""type"":""MultiPoint"",""coordinates"":[]}"
197512,1975-12-01,134,"{""type"":""MultiPoint"",""coordinates"":[]}"
197601,1976-01-01,131,"{""type"":""MultiPoint"",""coordinates"":[]}"
197602,1976-02-01,-98,"{""type"":""MultiPoint"",""coordinates"":[]}"
197603,1976-03-01,-164,"{""type"":""MultiPoint"",""coordinates"":[]}"
197604,1976-04-01,-270,"{""type"":""MultiPoint"",""coordinates"":[]}"
197605,1976-05-01,-237,"{""type"":""MultiPoint"",""coordinates"":[]}"
197606,1976-06-01,-229,"{""type"":""MultiPoint"",""coordinates"":[]}"
197607,1976-07-01,-332,"{""type"":""MultiPoint"",""coordinates"":[]}"
197608,1976-08-01,-392,"{""type"":""MultiPoint"",""coordinates"":[]}"
197609,1976-09-01,-359,"{""type"":""MultiPoint"",""coordinates"":[]}"
197610,1976-10-01,-248,"{""type"":""MultiPoint"",""coordinates"":[]}"
197611,1976-11-01,-245,"{""type"":""MultiPoint"",""coordinates"":[]}"
197612,1976-12-01,-185,"{""type"":""MultiPoint"",""coordinates"":[]}"
197701,1977-01-01,-127,"{""type"":""MultiPoint"",""coordinates"":[]}"
197702,1977-02-01,-194,"{""type"":""MultiPoint"",""coordinates"":[]}"
197703,1977-03-01,-158,"{""type"":""MultiPoint"",""coordinates"":[]}"
197704,1977-04-01,-191,"{""type"":""MultiPoint"",""coordinates"":[]}"
197705,1977-05-01,-233,"{""type"":""MultiPoint"",""coordinates"":[]}"
197706,1977-06-01,-299,"{""type"":""MultiPoint"",""coordinates"":[]}"
197707,1977-07-01,-419,"{""type"":""MultiPoint"",""coordinates"":[]}"
197708,1977-08-01,-430,"{""type"":""MultiPoint"",""coordinates"":[]}"
197709,1977-09-01,-363,"{""type"":""MultiPoint"",""coordinates"":[]}"
197710,1977-10-01,-238,"{""type"":""MultiPoint"",""coordinates"":[]}"
197711,1977-11-01,-201,"{""type"":""MultiPoint"",""coordinates"":[]}"
197712,1977-12-01,-118,"{""type"":""MultiPoint"",""coordinates"":[]}"
197801,1978-01-01,354,"{""type"":""MultiPoint"",""coordinates"":[]}"
197802,1978-02-01,268,"{""type"":""MultiPoint"",""coordinates"":[]}"
197803,1978-03-01,289,"{""type"":""MultiPoint"",""coordinates"":[]}"
197804,1978-04-01,387,"{""type"":""MultiPoint"",""coordinates"":[]}"
197805,1978-05-01,385,"{""type"":""MultiPoint"",""coordinates"":[]}"
197806,1978-06-01,381,"{""type"":""MultiPoint"",""coordinates"":[]}"
197807,1978-07-01,396,"{""type"":""MultiPoint"",""coordinates"":[]}"
197808,1978-08-01,367,"{""type"":""MultiPoint"",""coordinates"":[]}"
197809,1978-09-01,306,"{""type"":""MultiPoint"",""coordinates"":[]}"
197810,1978-10-01,199,"{""type"":""MultiPoint"",""coordinates"":[]}"
197811,1978-11-01,197,"{""type"":""MultiPoint"",""coordinates"":[]}"
197812,1978-12-01,173,"{""type"":""MultiPoint"",""coordinates"":[]}"
197901,1979-01-01,254,"{""type"":""MultiPoint"",""coordinates"":[]}"
197902,1979-02-01,329,"{""type"":""MultiPoint"",""coordinates"":[]}"
197903,1979-03-01,265,"{""type"":""MultiPoint"",""coordinates"":[]}"
197904,1979-04-01,273,"{""type"":""MultiPoint"",""coordinates"":[]}"
197905,1979-05-01,326,"{""type"":""MultiPoint"",""coordinates"":[]}"
197906,1979-06-01,363,"{""type"":""MultiPoint"",""coordinates"":[]}"
197907,1979-07-01,362,"{""type"":""MultiPoint"",""coordinates"":[]}"
197908,1979-08-01,302,"{""type"":""MultiPoint"",""coordinates"":[]}"
197909,1979-09-01,481,"{""type"":""MultiPoint"",""coordinates"":[]}"
197910,1979-10-01,454,"{""type"":""MultiPoint"",""coordinates"":[]}"
197911,1979-11-01,526,"{""type"":""MultiPoint"",""coordinates"":[]}"
197912,1979-12-01,428,"{""type"":""MultiPoint"",""coordinates"":[]}"
198001,1980-01-01,408,"{""type"":""MultiPoint"",""coordinates"":[]}"
198002,1980-02-01,310,"{""type"":""MultiPoint"",""coordinates"":[]}"
198003,1980-03-01,370,"{""type"":""MultiPoint"",""coordinates"":[]}"
198004,1980-04-01,313,"{""type"":""MultiPoint"",""coordinates"":[]}"
198005,1980-05-01,239,"{""type"":""MultiPoint"",""coordinates"":[]}"
198006,1980-06-01,232,"{""type"":""MultiPoint"",""coordinates"":[]}"
198007,1980-07-01,140,"{""type"":""MultiPoint"",""coordinates"":[]}"
198008,1980-08-01,-233,"{""type"":""MultiPoint"",""coordinates"":[]}"
198009,1980-09-01,-237,"{""type"":""MultiPoint"",""coordinates"":[]}"
198010,1980-10-01,-215,"{""type"":""MultiPoint"",""coordinates"":[]}"
198011,1980-11-01,-222,"{""type"":""MultiPoint"",""coordinates"":[]}"
198012,1980-12-01,-298,"{""type"":""MultiPoint"",""coordinates"":[]}"
198101,1981-01-01,-382,"{""type"":""MultiPoint"",""coordinates"":[]}"
198102,1981-02-01,-439,"{""type"":""MultiPoint"",""coordinates"":[]}"
198103,1981-03-01,-456,"{""type"":""MultiPoint"",""coordinates"":[]}"
198104,1981-04-01,-501,"{""type"":""MultiPoint"",""coordinates"":[]}"
198105,1981-05-01,-500,"{""type"":""MultiPoint"",""coordinates"":[]}"
198106,1981-06-01,-565,"{""type"":""MultiPoint"",""coordinates"":[]}"
198107,1981-07-01,-502,"{""type"":""MultiPoint"",""coordinates"":[]}"
198108,1981-08-01,-443,"{""type"":""MultiPoint"",""coordinates"":[]}"
198109,1981-09-01,-438,"{""type"":""MultiPoint"",""coordinates"":[]}"
198110,1981-10-01,-418,"{""type"":""MultiPoint"",""coordinates"":[]}"
198111,1981-11-01,-483,"{""type"":""MultiPoint"",""coordinates"":[]}"
198112,1981-12-01,-470,"{""type"":""MultiPoint"",""coordinates"":[]}"
198201,1982-01-01,-380,"{""type"":""MultiPoint"",""coordinates"":[]}"
198202,1982-02-01,-272,"{""type"":""MultiPoint"",""coordinates"":[]}"
198203,1982-03-01,-294,"{""type"":""MultiPoint"",""coordinates"":[]}"
198204,1982-04-01,-260,"{""type"":""MultiPoint"",""coordinates"":[]}"
198205,1982-05-01,-239,"{""type"":""MultiPoint"",""coordinates"":[]}"
198206,1982-06-01,-90,"{""type"":""MultiPoint"",""coordinates"":[]}"
198207,1982-07-01,213,"{""type"":""MultiPoint"",""coordinates"":[]}"
198208,1982-08-01,221,"{""type"":""MultiPoint"",""coordinates"":[]}"
198209,1982-09-01,177,"{""type"":""MultiPoint"",""coordinates"":[]}"
198210,1982-10-01,204,"{""type"":""MultiPoint"",""coordinates"":[]}"
198211,1982-11-01,179,"{""type"":""MultiPoint"",""coordinates"":[]}"
198212,1982-12-01,221,"{""type"":""MultiPoint"",""coordinates"":[]}"
198301,1983-01-01,157,"{""type"":""MultiPoint"",""coordinates"":[]}"
198302,1983-02-01,229,"{""type"":""MultiPoint"",""coordinates"":[]}"
198303,1983-03-01,331,"{""type"":""MultiPoint"",""coordinates"":[]}"
198304,1983-04-01,375,"{""type"":""MultiPoint"",""coordinates"":[]}"
198305,1983-05-01,366,"{""type"":""MultiPoint"",""coordinates"":[]}"
198306,1983-06-01,355,"{""type"":""MultiPoint"",""coordinates"":[]}"
198307,1983-07-01,207,"{""type"":""MultiPoint"",""coordinates"":[]}"
198308,1983-08-01,78,"{""type"":""MultiPoint"",""coordinates"":[]}"
198309,1983-09-01,-253,"{""type"":""MultiPoint"",""coordinates"":[]}"
198310,1983-10-01,-216,"{""type"":""MultiPoint"",""coordinates"":[]}"
198311,1983-11-01,-161,"{""type"":""MultiPoint"",""coordinates"":[]}"
198312,1983-12-01,190,"{""type"":""MultiPoint"",""coordinates"":[]}"
198401,1984-01-01,217,"{""type"":""MultiPoint"",""coordinates"":[]}"
198402,1984-02-01,280,"{""type"":""MultiPoint"",""coordinates"":[]}"
198403,1984-03-01,360,"{""type"":""MultiPoint"",""coordinates"":[]}"
198404,1984-04-01,389,"{""type"":""MultiPoint"",""coordinates"":[]}"
198405,1984-05-01,463,"{""type"":""MultiPoint"",""coordinates"":[]}"
198406,1984-06-01,407,"{""type"":""MultiPoint"",""coordinates"":[]}"
198407,1984-07-01,530,"{""type"":""MultiPoint"",""coordinates"":[]}"
198408,1984-08-01,487,"{""type"":""MultiPoint"",""coordinates"":[]}"
198409,1984-09-01,406,"{""type"":""MultiPoint"",""coordinates"":[]}"
198410,1984-10-01,322,"{""type"":""MultiPoint"",""coordinates"":[]}"
198411,1984-11-01,231,"{""type"":""MultiPoint"",""coordinates"":[]}"
198412,1984-12-01,128,"{""type"":""MultiPoint"",""coordinates"":[]}"
198501,1985-01-01,106,"{""type"":""MultiPoint"",""coordinates"":[]}"
198502,1985-02-01,145,"{""type"":""MultiPoint"",""coordinates"":[]}"
198503,1985-03-01,-217,"{""type"":""MultiPoint"",""coordinates"":[]}"
198504,1985-04-01,-316,"{""type"":""MultiPoint"",""coordinates"":[]}"
198505,1985-05-01,-355,"{""type"":""MultiPoint"",""coordinates"":[]}"
198506,1985-06-01,-402,"{""type"":""MultiPoint"",""coordinates"":[]}"
198507,1985-07-01,-307,"{""type"":""MultiPoint"",""coordinates"":[]}"
198508,1985-08-01,-211,"{""type"":""MultiPoint"",""coordinates"":[]}"
198509,1985-09-01,-289,"{""type"":""MultiPoint"",""coordinates"":[]}"
198510,1985-10-01,-290,"{""type"":""MultiPoint"",""coordinates"":[]}"
198511,1985-11-01,-106,"{""type"":""MultiPoint"",""coordinates"":[]}"
198512,1985-12-01,-136,"{""type"":""MultiPoint"",""coordinates"":[]}"
198601,1986-01-01,-197,"{""type"":""MultiPoint"",""coordinates"":[]}"
198602,1986-02-01,-242,"{""type"":""MultiPoint"",""coordinates"":[]}"
198603,1986-03-01,-285,"{""type"":""MultiPoint"",""coordinates"":[]}"
198604,1986-04-01,-344,"{""type"":""MultiPoint"",""coordinates"":[]}"
198605,1986-05-01,-395,"{""type"":""MultiPoint"",""coordinates"":[]}"
198606,1986-06-01,-489,"{""type"":""MultiPoint"",""coordinates"":[]}"
198607,1986-07-01,-495,"{""type"":""MultiPoint"",""coordinates"":[]}"
198608,1986-08-01,-257,"{""type"":""MultiPoint"",""coordinates"":[]}"
198609,1986-09-01,-264,"{""type"":""MultiPoint"",""coordinates"":[]}"
198610,1986-10-01,-266,"{""type"":""MultiPoint"",""coordinates"":[]}"
198611,1986-11-01,-240,"{""type"":""MultiPoint"",""coordinates"":[]}"
198612,1986-12-01,-181,"{""type"":""MultiPoint"",""coordinates"":[]}"
198701,1987-01-01,209,"{""type"":""MultiPoint"",""coordinates"":[]}"
198702,1987-02-01,208,"{""type"":""MultiPoint"",""coordinates"":[]}"
198703,1987-03-01,192,"{""type"":""MultiPoint"",""coordinates"":[]}"
198704,1987-04-01,309,"{""type"":""MultiPoint"",""coordinates"":[]}"
198705,1987-05-01,226,"{""type"":""MultiPoint"",""coordinates"":[]}"
198706,1987-06-01,159,"{""type"":""MultiPoint"",""coordinates"":[]}"
198707,1987-07-01,68,"{""type"":""MultiPoint"",""coordinates"":[]}"
198708,1987-08-01,-190,"{""type"":""MultiPoint"",""coordinates"":[]}"
198709,1987-09-01,-88,"{""type"":""MultiPoint"",""coordinates"":[]}"
198710,1987-10-01,-132,"{""type"":""MultiPoint"",""coordinates"":[]}"
198711,1987-11-01,-146,"{""type"":""MultiPoint"",""coordinates"":[]}"
198712,1987-12-01,-160,"{""type"":""MultiPoint"",""coordinates"":[]}"
198801,1988-01-01,-149,"{""type"":""MultiPoint"",""coordinates"":[]}"
198802,1988-02-01,-194,"{""type"":""MultiPoint"",""coordinates"":[]}"
198803,1988-03-01,-250,"{""type"":""MultiPoint"",""coordinates"":[]}"
198804,1988-04-01,-210,"{""type"":""MultiPoint"",""coordinates"":[]}"
198805,1988-05-01,-208,"{""type"":""MultiPoint"",""coordinates"":[]}"
198806,1988-06-01,-221,"{""type"":""MultiPoint"",""coordinates"":[]}"
198807,1988-07-01,-233,"{""type"":""MultiPoint"",""coordinates"":[]}"
198808,1988-08-01,-259,"{""type"":""MultiPoint"",""coordinates"":[]}"
198809,1988-09-01,-226,"{""type"":""MultiPoint"",""coordinates"":[]}"
198810,1988-10-01,-199,"{""type"":""MultiPoint"",""coordinates"":[]}"
198811,1988-11-01,-151,"{""type"":""MultiPoint"",""coordinates"":[]}"
198812,1988-12-01,-219,"{""type"":""MultiPoint"",""coordinates"":[]}"
198901,1989-01-01,-296,"{""type"":""MultiPoint"",""coordinates"":[]}"
198902,1989-02-01,-244,"{""type"":""MultiPoint"",""coordinates"":[]}"
198903,1989-03-01,-123,"{""type"":""MultiPoint"",""coordinates"":[]}"
198904,1989-04-01,198,"{""type"":""MultiPoint"",""coordinates"":[]}"
198905,1989-05-01,264,"{""type"":""MultiPoint"",""coordinates"":[]}"
198906,1989-06-01,413,"{""type"":""MultiPoint"",""coordinates"":[]}"
198907,1989-07-01,480,"{""type"":""MultiPoint"",""coordinates"":[]}"
198908,1989-08-01,552,"{""type"":""MultiPoint"",""coordinates"":[]}"
198909,1989-09-01,564,"{""type"":""MultiPoint"",""coordinates"":[]}"
198910,1989-10-01,605,"{""type"":""MultiPoint"",""coordinates"":[]}"
198911,1989-11-01,591,"{""type"":""MultiPoint"",""coordinates"":[]}"
198912,1989-12-01,589,"{""type"":""MultiPoint"",""coordinates"":[]}"
199001,1990-01-01,523,"{""type"":""MultiPoint"",""coordinates"":[]}"
199002,1990-02-01,463,"{""type"":""MultiPoint"",""coordinates"":[]}"
199003,1990-03-01,424,"{""type"":""MultiPoint"",""coordinates"":[]}"
199004,1990-04-01,373,"{""type"":""MultiPoint"",""coordinates"":[]}"
199005,1990-05-01,452,"{""type"":""MultiPoint"",""coordinates"":[]}"
199006,1990-06-01,353,"{""type"":""MultiPoint"",""coordinates"":[]}"
199007,1990-07-01,252,"{""type"":""MultiPoint"",""coordinates"":[]}"
199008,1990-08-01,220,"{""type"":""MultiPoint"",""coordinates"":[]}"
199009,1990-09-01,73,"{""type"":""MultiPoint"",""coordinates"":[]}"
199010,1990-10-01,193,"{""type"":""MultiPoint"",""coordinates"":[]}"
199011,1990-11-01,143,"{""type"":""MultiPoint"",""coordinates"":[]}"
199012,1990-12-01,150,"{""type"":""MultiPoint"",""coordinates"":[]}"
199101,1991-01-01,184,"{""type"":""MultiPoint"",""coordinates"":[]}"
199102,1991-02-01,65,"{""type"":""MultiPoint"",""coordinates"":[]}"
199103,1991-03-01,124,"{""type"":""MultiPoint"",""coordinates"":[]}"
199104,1991-04-01,106,"{""type"":""MultiPoint"",""coordinates"":[]}"
199105,1991-05-01,83,"{""type"":""MultiPoint"",""coordinates"":[]}"
199106,1991-06-01,-36,"{""type"":""MultiPoint"",""coordinates"":[]}"
199107,1991-07-01,54,"{""type"":""MultiPoint"",""coordinates"":[]}"
199108,1991-08-01,14,"{""type"":""MultiPoint"",""coordinates"":[]}"
199109,1991-09-01,-31,"{""type"":""MultiPoint"",""coordinates"":[]}"
199110,1991-10-01,-127,"{""type"":""MultiPoint"",""coordinates"":[]}"
199111,1991-11-01,-196,"{""type"":""MultiPoint"",""coordinates"":[]}"
199112,1991-12-01,-264,"{""type"":""MultiPoint"",""coordinates"":[]}"
199201,1992-01-01,-321,"{""type"":""MultiPoint"",""coordinates"":[]}"
199202,1992-02-01,-393,"{""type"":""MultiPoint"",""coordinates"":[]}"
199203,1992-03-01,-385,"{""type"":""MultiPoint"",""coordinates"":[]}"
199204,1992-04-01,-334,"{""type"":""MultiPoint"",""coordinates"":[]}"
199205,1992-05-01,-318,"{""type"":""MultiPoint"",""coordinates"":[]}"
199206,1992-06-01,-234,"{""type"":""MultiPoint"",""coordinates"":[]}"
199207,1992-07-01,-276,"{""type"":""MultiPoint"",""coordinates"":[]}"
199208,1992-08-01,-177,"{""type"":""MultiPoint"",""coordinates"":[]}"
199209,1992-09-01,-170,"{""type"":""MultiPoint"",""coordinates"":[]}"
199210,1992-10-01,-150,"{""type"":""MultiPoint"",""coordinates"":[]}"
199211,1992-11-01,139,"{""type"":""MultiPoint"",""coordinates"":[]}"
199212,1992-12-01,149,"{""type"":""MultiPoint"",""coordinates"":[]}"
199301,1993-01-01,199,"{""type"":""MultiPoint"",""coordinates"":[]}"
199302,1993-02-01,136,"{""type"":""MultiPoint"",""coordinates"":[]}"
199303,1993-03-01,253,"{""type"":""MultiPoint"",""coordinates"":[]}"
199304,1993-04-01,305,"{""type"":""MultiPoint"",""coordinates"":[]}"
199305,1993-05-01,250,"{""type"":""MultiPoint"",""coordinates"":[]}"
199306,1993-06-01,154,"{""type"":""MultiPoint"",""coordinates"":[]}"
199307,1993-07-01,61,"{""type"":""MultiPoint"",""coordinates"":[]}"
199308,1993-08-01,-248,"{""type"":""MultiPoint"",""coordinates"":[]}"
199309,1993-09-01,-256,"{""type"":""MultiPoint"",""coordinates"":[]}"
199310,1993-10-01,-251,"{""type"":""MultiPoint"",""coordinates"":[]}"
199311,1993-11-01,-237,"{""type"":""MultiPoint"",""coordinates"":[]}"
199312,1993-12-01,-220,"{""type"":""MultiPoint"",""coordinates"":[]}"
199401,1994-01-01,-171,"{""type"":""MultiPoint"",""coordinates"":[]}"
199402,1994-02-01,-157,"{""type"":""MultiPoint"",""coordinates"":[]}"
199403,1994-03-01,110,"{""type"":""MultiPoint"",""coordinates"":[]}"
199404,1994-04-01,-66,"{""type"":""MultiPoint"",""coordinates"":[]}"
199405,1994-05-01,-142,"{""type"":""MultiPoint"",""coordinates"":[]}"
199406,1994-06-01,-166,"{""type"":""MultiPoint"",""coordinates"":[]}"
199407,1994-07-01,-126,"{""type"":""MultiPoint"",""coordinates"":[]}"
199408,1994-08-01,-126,"{""type"":""MultiPoint"",""coordinates"":[]}"
199409,1994-09-01,-174,"{""type"":""MultiPoint"",""coordinates"":[]}"
199410,1994-10-01,-179,"{""type"":""MultiPoint"",""coordinates"":[]}"
199411,1994-11-01,-218,"{""type"":""MultiPoint"",""coordinates"":[]}"
199412,1994-12-01,-324,"{""type"":""MultiPoint"",""coordinates"":[]}"
199501,1995-01-01,-341,"{""type"":""MultiPoint"",""coordinates"":[]}"
199502,1995-02-01,-319,"{""type"":""MultiPoint"",""coordinates"":[]}"
199503,1995-03-01,-326,"{""type"":""MultiPoint"",""coordinates"":[]}"
199504,1995-04-01,-359,"{""type"":""MultiPoint"",""coordinates"":[]}"
199505,1995-05-01,-334,"{""type"":""MultiPoint"",""coordinates"":[]}"
199506,1995-06-01,-127,"{""type"":""MultiPoint"",""coordinates"":[]}"
199507,1995-07-01,-71,"{""type"":""MultiPoint"",""coordinates"":[]}"
199508,1995-08-01,-72,"{""type"":""MultiPoint"",""coordinates"":[]}"
199509,1995-09-01,-89,"{""type"":""MultiPoint"",""coordinates"":[]}"
199510,1995-10-01,274,"{""type"":""MultiPoint"",""coordinates"":[]}"
199511,1995-11-01,337,"{""type"":""MultiPoint"",""coordinates"":[]}"
199512,1995-12-01,291,"{""type"":""MultiPoint"",""coordinates"":[]}"
199601,1996-01-01,311,"{""type"":""MultiPoint"",""coordinates"":[]}"
199602,1996-02-01,248,"{""type"":""MultiPoint"",""coordinates"":[]}"
199603,1996-03-01,219,"{""type"":""MultiPoint"",""coordinates"":[]}"
199604,1996-04-01,209,"{""type"":""MultiPoint"",""coordinates"":[]}"
199605,1996-05-01,228,"{""type"":""MultiPoint"",""coordinates"":[]}"
199606,1996-06-01,186,"{""type"":""MultiPoint"",""coordinates"":[]}"
199607,1996-07-01,197,"{""type"":""MultiPoint"",""coordinates"":[]}"
199608,1996-08-01,243,"{""type"":""MultiPoint"",""coordinates"":[]}"
199609,1996-09-01,430,"{""type"":""MultiPoint"",""coordinates"":[]}"
199610,1996-10-01,453,"{""type"":""MultiPoint"",""coordinates"":[]}"
199611,1996-11-01,462,"{""type"":""MultiPoint"",""coordinates"":[]}"
199612,1996-12-01,477,"{""type"":""MultiPoint"",""coordinates"":[]}"
199701,1997-01-01,430,"{""type"":""MultiPoint"",""coordinates"":[]}"
199702,1997-02-01,373,"{""type"":""MultiPoint"",""coordinates"":[]}"
199703,1997-03-01,301,"{""type"":""MultiPoint"",""coordinates"":[]}"
199704,1997-04-01,361,"{""type"":""MultiPoint"",""coordinates"":[]}"
199705,1997-05-01,233,"{""type"":""MultiPoint"",""coordinates"":[]}"
199706,1997-06-01,195,"{""type"":""MultiPoint"",""coordinates"":[]}"
199707,1997-07-01,187,"{""type"":""MultiPoint"",""coordinates"":[]}"
199708,1997-08-01,-187,"{""type"":""MultiPoint"",""coordinates"":[]}"
199709,1997-09-01,-167,"{""type"":""MultiPoint"",""coordinates"":[]}"
199710,1997-10-01,-189,"{""type"":""MultiPoint"",""coordinates"":[]}"
199711,1997-11-01,-162,"{""type"":""MultiPoint"",""coordinates"":[]}"
199712,1997-12-01,-148,"{""type"":""MultiPoint"",""coordinates"":[]}"
199801,1998-01-01,181,"{""type"":""MultiPoint"",""coordinates"":[]}"
199802,1998-02-01,263,"{""type"":""MultiPoint"",""coordinates"":[]}"
199803,1998-03-01,347,"{""type"":""MultiPoint"",""coordinates"":[]}"
199804,1998-04-01,384,"{""type"":""MultiPoint"",""coordinates"":[]}"
199805,1998-05-01,373,"{""type"":""MultiPoint"",""coordinates"":[]}"
199806,1998-06-01,315,"{""type"":""MultiPoint"",""coordinates"":[]}"
199807,1998-07-01,237,"{""type"":""MultiPoint"",""coordinates"":[]}"
199808,1998-08-01,167,"{""type"":""MultiPoint"",""coordinates"":[]}"
199809,1998-09-01,89,"{""type"":""MultiPoint"",""coordinates"":[]}"
199810,1998-10-01,-222,"{""type"":""MultiPoint"",""coordinates"":[]}"
199811,1998-11-01,-265,"{""type"":""MultiPoint"",""coordinates"":[]}"
199812,1998-12-01,-286,"{""type"":""MultiPoint"",""coordinates"":[]}"
199901,1999-01-01,-219,"{""type"":""MultiPoint"",""coordinates"":[]}"
199902,1999-02-01,-263,"{""type"":""MultiPoint"",""coordinates"":[]}"
199903,1999-03-01,-263,"{""type"":""MultiPoint"",""coordinates"":[]}"
199904,1999-04-01,-192,"{""type"":""MultiPoint"",""coordinates"":[]}"
199905,1999-05-01,-268,"{""type"":""MultiPoint"",""coordinates"":[]}"
199906,1999-06-01,-305,"{""type"":""MultiPoint"",""coordinates"":[]}"
199907,1999-07-01,-341,"{""type"":""MultiPoint"",""coordinates"":[]}"
199908,1999-08-01,-363,"{""type"":""MultiPoint"",""coordinates"":[]}"
199909,1999-09-01,-145,"{""type"":""MultiPoint"",""coordinates"":[]}"
199910,1999-10-01,242,"{""type"":""MultiPoint"",""coordinates"":[]}"
199911,1999-11-01,193,"{""type"":""MultiPoint"",""coordinates"":[]}"
199912,1999-12-01,161,"{""type"":""MultiPoint"",""coordinates"":[]}"
200001,2000-01-01,201,"{""type"":""MultiPoint"",""coordinates"":[]}"
200002,2000-02-01,104,"{""type"":""MultiPoint"",""coordinates"":[]}"
200003,2000-03-01,-139,"{""type"":""MultiPoint"",""coordinates"":[]}"
200004,2000-04-01,80,"{""type"":""MultiPoint"",""coordinates"":[]}"
200005,2000-05-01,-85,"{""type"":""MultiPoint"",""coordinates"":[]}"
200006,2000-06-01,-76,"{""type"":""MultiPoint"",""coordinates"":[]}"
200007,2000-07-01,64,"{""type"":""MultiPoint"",""coordinates"":[]}"
200008,2000-08-01,134,"{""type"":""MultiPoint"",""coordinates"":[]}"
200009,2000-09-01,209,"{""type"":""MultiPoint"",""coordinates"":[]}"
200010,2000-10-01,108,"{""type"":""MultiPoint"",""coordinates"":[]}"
200011,2000-11-01,72,"{""type"":""MultiPoint"",""coordinates"":[]}"
200012,2000-12-01,-129,"{""type"":""MultiPoint"",""coordinates"":[]}"
200101,2001-01-01,-201,"{""type"":""MultiPoint"",""coordinates"":[]}"
200102,2001-02-01,-259,"{""type"":""MultiPoint"",""coordinates"":[]}"
200103,2001-03-01,-150,"{""type"":""MultiPoint"",""coordinates"":[]}"
200104,2001-04-01,-164,"{""type"":""MultiPoint"",""coordinates"":[]}"
200105,2001-05-01,-157,"{""type"":""MultiPoint"",""coordinates"":[]}"
200106,2001-06-01,-108,"{""type"":""MultiPoint"",""coordinates"":[]}"
200107,2001-07-01,-78,"{""type"":""MultiPoint"",""coordinates"":[]}"
200108,2001-08-01,-77,"{""type"":""MultiPoint"",""coordinates"":[]}"
200109,2001-09-01,-122,"{""type"":""MultiPoint"",""coordinates"":[]}"
200110,2001-10-01,-214,"{""type"":""MultiPoint"",""coordinates"":[]}"
200111,2001-11-01,-306,"{""type"":""MultiPoint"",""coordinates"":[]}"
200112,2001-12-01,-400,"{""type"":""MultiPoint"",""coordinates"":[]}"
200201,2002-01-01,-412,"{""type"":""MultiPoint"",""coordinates"":[]}"
200202,2002-02-01,-511,"{""type"":""MultiPoint"",""coordinates"":[]}"
200203,2002-03-01,-471,"{""type"":""MultiPoint"",""coordinates"":[]}"
200204,2002-04-01,-485,"{""type"":""MultiPoint"",""coordinates"":[]}"
200205,2002-05-01,-549,"{""type"":""MultiPoint"",""coordinates"":[]}"
200206,2002-06-01,-600,"{""type"":""MultiPoint"",""coordinates"":[]}"
200207,2002-07-01,-572,"{""type"":""MultiPoint"",""coordinates"":[]}"
200208,2002-08-01,-493,"{""type"":""MultiPoint"",""coordinates"":[]}"
200209,2002-09-01,-452,"{""type"":""MultiPoint"",""coordinates"":[]}"
200210,2002-10-01,-268,"{""type"":""MultiPoint"",""coordinates"":[]}"
200211,2002-11-01,-176,"{""type"":""MultiPoint"",""coordinates"":[]}"
200212,2002-12-01,284,"{""type"":""MultiPoint"",""coordinates"":[]}"
200301,2003-01-01,220,"{""type"":""MultiPoint"",""coordinates"":[]}"
200302,2003-02-01,272,"{""type"":""MultiPoint"",""coordinates"":[]}"
200303,2003-03-01,345,"{""type"":""MultiPoint"",""coordinates"":[]}"
200304,2003-04-01,419,"{""type"":""MultiPoint"",""coordinates"":[]}"
200305,2003-05-01,520,"{""type"":""MultiPoint"",""coordinates"":[]}"
200306,2003-06-01,562,"{""type"":""MultiPoint"",""coordinates"":[]}"
200307,2003-07-01,654,"{""type"":""MultiPoint"",""coordinates"":[]}"
200308,2003-08-01,734,"{""type"":""MultiPoint"",""coordinates"":[]}"
200309,2003-09-01,766,"{""type"":""MultiPoint"",""coordinates"":[]}"
200310,2003-10-01,726,"{""type"":""MultiPoint"",""coordinates"":[]}"
200311,2003-11-01,636,"{""type"":""MultiPoint"",""coordinates"":[]}"
200312,2003-12-01,636,"{""type"":""MultiPoint"",""coordinates"":[]}"
200401,2004-01-01,503,"{""type"":""MultiPoint"",""coordinates"":[]}"
200402,2004-02-01,447,"{""type"":""MultiPoint"",""coordinates"":[]}"
200403,2004-03-01,322,"{""type"":""MultiPoint"",""coordinates"":[]}"
200404,2004-04-01,278,"{""type"":""MultiPoint"",""coordinates"":[]}"
200405,2004-05-01,235,"{""type"":""MultiPoint"",""coordinates"":[]}"
200406,2004-06-01,244,"{""type"":""MultiPoint"",""coordinates"":[]}"
200407,2004-07-01,255,"{""type"":""MultiPoint"",""coordinates"":[]}"
200408,2004-08-01,383,"{""type"":""MultiPoint"",""coordinates"":[]}"
200409,2004-09-01,459,"{""type"":""MultiPoint"",""coordinates"":[]}"
200410,2004-10-01,422,"{""type"":""MultiPoint"",""coordinates"":[]}"
200411,2004-11-01,441,"{""type"":""MultiPoint"",""coordinates"":[]}"
200412,2004-12-01,374,"{""type"":""MultiPoint"",""coordinates"":[]}"
200501,2005-01-01,314,"{""type"":""MultiPoint"",""coordinates"":[]}"
200502,2005-02-01,231,"{""type"":""MultiPoint"",""coordinates"":[]}"
200503,2005-03-01,217,"{""type"":""MultiPoint"",""coordinates"":[]}"
200504,2005-04-01,176,"{""type"":""MultiPoint"",""coordinates"":[]}"
200505,2005-05-01,92,"{""type"":""MultiPoint"",""coordinates"":[]}"
200506,2005-06-01,-158,"{""type"":""MultiPoint"",""coordinates"":[]}"
200507,2005-07-01,-134,"{""type"":""MultiPoint"",""coordinates"":[]}"
200508,2005-08-01,-173,"{""type"":""MultiPoint"",""coordinates"":[]}"
200509,2005-09-01,-280,"{""type"":""MultiPoint"",""coordinates"":[]}"
200510,2005-10-01,-278,"{""type"":""MultiPoint"",""coordinates"":[]}"
200511,2005-11-01,-254,"{""type"":""MultiPoint"",""coordinates"":[]}"
200512,2005-12-01,-200,"{""type"":""MultiPoint"",""coordinates"":[]}"
200601,2006-01-01,-235,"{""type"":""MultiPoint"",""coordinates"":[]}"
200602,2006-02-01,-299,"{""type"":""MultiPoint"",""coordinates"":[]}"
200603,2006-03-01,-385,"{""type"":""MultiPoint"",""coordinates"":[]}"
200604,2006-04-01,-356,"{""type"":""MultiPoint"",""coordinates"":[]}"
200605,2006-05-01,-413,"{""type"":""MultiPoint"",""coordinates"":[]}"
200606,2006-06-01,-246,"{""type"":""MultiPoint"",""coordinates"":[]}"
200607,2006-07-01,-156,"{""type"":""MultiPoint"",""coordinates"":[]}"
200608,2006-08-01,-146,"{""type"":""MultiPoint"",""coordinates"":[]}"
200609,2006-09-01,234,"{""type"":""MultiPoint"",""coordinates"":[]}"
200610,2006-10-01,282,"{""type"":""MultiPoint"",""coordinates"":[]}"
200611,2006-11-01,446,"{""type"":""MultiPoint"",""coordinates"":[]}"
200612,2006-12-01,412,"{""type"":""MultiPoint"",""coordinates"":[]}"
200701,2007-01-01,365,"{""type"":""MultiPoint"",""coordinates"":[]}"
200702,2007-02-01,270,"{""type"":""MultiPoint"",""coordinates"":[]}"
200703,2007-03-01,193,"{""type"":""MultiPoint"",""coordinates"":[]}"
200704,2007-04-01,192,"{""type"":""MultiPoint"",""coordinates"":[]}"
200705,2007-05-01,-191,"{""type"":""MultiPoint"",""coordinates"":[]}"
200706,2007-06-01,-212,"{""type"":""MultiPoint"",""coordinates"":[]}"
200707,2007-07-01,-250,"{""type"":""MultiPoint"",""coordinates"":[]}"
200708,2007-08-01,-394,"{""type"":""MultiPoint"",""coordinates"":[]}"
200709,2007-09-01,-458,"{""type"":""MultiPoint"",""coordinates"":[]}"
200710,2007-10-01,-382,"{""type"":""MultiPoint"",""coordinates"":[]}"
200711,2007-11-01,-440,"{""type"":""MultiPoint"",""coordinates"":[]}"
200712,2007-12-01,-429,"{""type"":""MultiPoint"",""coordinates"":[]}"
200801,2008-01-01,-504,"{""type"":""MultiPoint"",""coordinates"":[]}"
200802,2008-02-01,-550,"{""type"":""MultiPoint"",""coordinates"":[]}"
200803,2008-03-01,-507,"{""type"":""MultiPoint"",""coordinates"":[]}"
200804,2008-04-01,-345,"{""type"":""MultiPoint"",""coordinates"":[]}"
200805,2008-05-01,-329,"{""type"":""MultiPoint"",""coordinates"":[]}"
200806,2008-06-01,-353,"{""type"":""MultiPoint"",""coordinates"":[]}"
200807,2008-07-01,-332,"{""type"":""MultiPoint"",""coordinates"":[]}"
200808,2008-08-01,-258,"{""type"":""MultiPoint"",""coordinates"":[]}"
200809,2008-09-01,-116,"{""type"":""MultiPoint"",""coordinates"":[]}"
200810,2008-10-01,-144,"{""type"":""MultiPoint"",""coordinates"":[]}"
200811,2008-11-01,-96,"{""type"":""MultiPoint"",""coordinates"":[]}"
200812,2008-12-01,156,"{""type"":""MultiPoint"",""coordinates"":[]}"
200901,2009-01-01,115,"{""type"":""MultiPoint"",""coordinates"":[]}"
200902,2009-02-01,-123,"{""type"":""MultiPoint"",""coordinates"":[]}"
200903,2009-03-01,122,"{""type"":""MultiPoint"",""coordinates"":[]}"
200904,2009-04-01,64,"{""type"":""MultiPoint"",""coordinates"":[]}"
200905,2009-05-01,76,"{""type"":""MultiPoint"",""coordinates"":[]}"
200906,2009-06-01,87,"{""type"":""MultiPoint"",""coordinates"":[]}"
200907,2009-07-01,-63,"{""type"":""MultiPoint"",""coordinates"":[]}"
200908,2009-08-01,-123,"{""type"":""MultiPoint"",""coordinates"":[]}"
200909,2009-09-01,-140,"{""type"":""MultiPoint"",""coordinates"":[]}"
200910,2009-10-01,-204,"{""type"":""MultiPoint"",""coordinates"":[]}"
200911,2009-11-01,-67,"{""type"":""MultiPoint"",""coordinates"":[]}"
200912,2009-12-01,274,"{""type"":""MultiPoint"",""coordinates"":[]}"
201001,2010-01-01,308,"{""type"":""MultiPoint"",""coordinates"":[]}"
201002,2010-02-01,289,"{""type"":""MultiPoint"",""coordinates"":[]}"
201003,2010-03-01,271,"{""type"":""MultiPoint"",""coordinates"":[]}"
201004,2010-04-01,169,"{""type"":""MultiPoint"",""coordinates"":[]}"
201005,2010-05-01,190,"{""type"":""MultiPoint"",""coordinates"":[]}"
201006,2010-06-01,104,"{""type"":""MultiPoint"",""coordinates"":[]}"
201007,2010-07-01,-178,"{""type"":""MultiPoint"",""coordinates"":[]}"
201008,2010-08-01,-195,"{""type"":""MultiPoint"",""coordinates"":[]}"
201009,2010-09-01,-150,"{""type"":""MultiPoint"",""coordinates"":[]}"
201010,2010-10-01,-176,"{""type"":""MultiPoint"",""coordinates"":[]}"
201011,2010-11-01,-250,"{""type"":""MultiPoint"",""coordinates"":[]}"
201012,2010-12-01,-285,"{""type"":""MultiPoint"",""coordinates"":[]}"
201101,2011-01-01,-366,"{""type"":""MultiPoint"",""coordinates"":[]}"
201102,2011-02-01,-444,"{""type"":""MultiPoint"",""coordinates"":[]}"
201103,2011-03-01,-410,"{""type"":""MultiPoint"",""coordinates"":[]}"
201104,2011-04-01,-386,"{""type"":""MultiPoint"",""coordinates"":[]}"
201105,2011-05-01,-390,"{""type"":""MultiPoint"",""coordinates"":[]}"
201106,2011-06-01,-457,"{""type"":""MultiPoint"",""coordinates"":[]}"
201107,2011-07-01,-450,"{""type"":""MultiPoint"",""coordinates"":[]}"
201108,2011-08-01,-353,"{""type"":""MultiPoint"",""coordinates"":[]}"
201109,2011-09-01,-243,"{""type"":""MultiPoint"",""coordinates"":[]}"
201110,2011-10-01,-203,"{""type"":""MultiPoint"",""coordinates"":[]}"
201111,2011-11-01,-174,"{""type"":""MultiPoint"",""coordinates"":[]}"
201112,2011-12-01,-166,"{""type"":""MultiPoint"",""coordinates"":[]}"
201201,2012-01-01,-209,"{""type"":""MultiPoint"",""coordinates"":[]}"
201202,2012-02-01,-258,"{""type"":""MultiPoint"",""coordinates"":[]}"
201203,2012-03-01,-213,"{""type"":""MultiPoint"",""coordinates"":[]}"
201204,2012-04-01,-206,"{""type"":""MultiPoint"",""coordinates"":[]}"
201205,2012-05-01,-168,"{""type"":""MultiPoint"",""coordinates"":[]}"
201206,2012-06-01,-200,"{""type"":""MultiPoint"",""coordinates"":[]}"
201207,2012-07-01,-227,"{""type"":""MultiPoint"",""coordinates"":[]}"
201208,2012-08-01,-204,"{""type"":""MultiPoint"",""coordinates"":[]}"
201209,2012-09-01,-132,"{""type"":""MultiPoint"",""coordinates"":[]}"
201210,2012-10-01,-145,"{""type"":""MultiPoint"",""coordinates"":[]}"
201211,2012-11-01,-188,"{""type"":""MultiPoint"",""coordinates"":[]}"
201212,2012-12-01,-212,"{""type"":""MultiPoint"",""coordinates"":[]}"
201301,2013-01-01,-225,"{""type"":""MultiPoint"",""coordinates"":[]}"
201302,2013-02-01,-192,"{""type"":""MultiPoint"",""coordinates"":[]}"
201303,2013-03-01,-208,"{""type"":""MultiPoint"",""coordinates"":[]}"
201304,2013-04-01,-127,"{""type"":""MultiPoint"",""coordinates"":[]}"
201305,2013-05-01,-83,"{""type"":""MultiPoint"",""coordinates"":[]}"
201306,2013-06-01,283,"{""type"":""MultiPoint"",""coordinates"":[]}"
201307,2013-07-01,349,"{""type"":""MultiPoint"",""coordinates"":[]}"
201308,2013-08-01,392,"{""type"":""MultiPoint"",""coordinates"":[]}"
201309,2013-09-01,347,"{""type"":""MultiPoint"",""coordinates"":[]}"
201310,2013-10-01,295,"{""type"":""MultiPoint"",""coordinates"":[]}"
201311,2013-11-01,272,"{""type"":""MultiPoint"",""coordinates"":[]}"
201312,2013-12-01,353,"{""type"":""MultiPoint"",""coordinates"":[]}"
201401,2014-01-01,310,"{""type"":""MultiPoint"",""coordinates"":[]}"
201402,2014-02-01,262,"{""type"":""MultiPoint"",""coordinates"":[]}"
201403,2014-03-01,253,"{""type"":""MultiPoint"",""coordinates"":[]}"
201404,2014-04-01,329,"{""type"":""MultiPoint"",""coordinates"":[]}"
201405,2014-05-01,305,"{""type"":""MultiPoint"",""coordinates"":[]}"
201406,2014-06-01,266,"{""type"":""MultiPoint"",""coordinates"":[]}"
201407,2014-07-01,316,"{""type"":""MultiPoint"",""coordinates"":[]}"
201408,2014-08-01,375,"{""type"":""MultiPoint"",""coordinates"":[]}"
201409,2014-09-01,436,"{""type"":""MultiPoint"",""coordinates"":[]}"
201410,2014-10-01,396,"{""type"":""MultiPoint"",""coordinates"":[]}"
201411,2014-11-01,403,"{""type"":""MultiPoint"",""coordinates"":[]}"
201412,2014-12-01,433,"{""type"":""MultiPoint"",""coordinates"":[]}"
201501,2015-01-01,378,"{""type"":""MultiPoint"",""coordinates"":[]}"
201502,2015-02-01,365,"{""type"":""MultiPoint"",""coordinates"":[]}"
201503,2015-03-01,291,"{""type"":""MultiPoint"",""coordinates"":[]}"
201504,2015-04-01,358,"{""type"":""MultiPoint"",""coordinates"":[]}"
201505,2015-05-01,261,"{""type"":""MultiPoint"",""coordinates"":[]}"
201506,2015-06-01,285,"{""type"":""MultiPoint"",""coordinates"":[]}"
201507,2015-07-01,236,"{""type"":""MultiPoint"",""coordinates"":[]}"
201508,2015-08-01,189,"{""type"":""MultiPoint"",""coordinates"":[]}"
201509,2015-09-01,206,"{""type"":""MultiPoint"",""coordinates"":[]}"
201510,2015-10-01,260,"{""type"":""MultiPoint"",""coordinates"":[]}"
201511,2015-11-01,384,"{""type"":""MultiPoint"",""coordinates"":[]}"
201512,2015-12-01,492,"{""type"":""MultiPoint"",""coordinates"":[]}"
201601,2016-01-01,410,"{""type"":""MultiPoint"",""coordinates"":[]}"
201602,2016-02-01,430,"{""type"":""MultiPoint"",""coordinates"":[]}"
201603,2016-03-01,320,"{""type"":""MultiPoint"",""coordinates"":[]}"
201604,2016-04-01,270,"{""type"":""MultiPoint"",""coordinates"":[]}"
201605,2016-05-01,310,"{""type"":""MultiPoint"",""coordinates"":[]}"
201606,2016-06-01,300,"{""type"":""MultiPoint"",""coordinates"":[]}"
201607,2016-07-01,260,"{""type"":""MultiPoint"",""coordinates"":[]}"
201608,2016-08-01,160,"{""type"":""MultiPoint"",""coordinates"":[]}"
201609,2016-09-01,180,"{""type"":""MultiPoint"",""coordinates"":[]}"
201610,2016-10-01,200,"{""type"":""MultiPoint"",""coordinates"":[]}"
201611,2016-11-01,120,"{""type"":""MultiPoint"",""coordinates"":[]}"
201612,2016-12-01,60,"{""type"":""MultiPoint"",""coordinates"":[]}"
201701,2017-01-01,0,"{""type"":""MultiPoint"",""coordinates"":[]}"
201702,2017-02-01,-200,"{""type"":""MultiPoint"",""coordinates"":[]}"
201703,2017-03-01,-220,"{""type"":""MultiPoint"",""coordinates"":[]}"
201704,2017-04-01,-140,"{""type"":""MultiPoint"",""coordinates"":[]}"
201705,2017-05-01,150,"{""type"":""MultiPoint"",""coordinates"":[]}"
201706,2017-06-01,210,"{""type"":""MultiPoint"",""coordinates"":[]}"
201707,2017-07-01,230,"{""type"":""MultiPoint"",""coordinates"":[]}"
201708,2017-08-01,240,"{""type"":""MultiPoint"",""coordinates"":[]}"
201709,2017-09-01,200,"{""type"":""MultiPoint"",""coordinates"":[]}"
201710,2017-10-01,190,"{""type"":""MultiPoint"",""coordinates"":[]}"
201711,2017-11-01,110,"{""type"":""MultiPoint"",""coordinates"":[]}"
201712,2017-12-01,-120,"{""type"":""MultiPoint"",""coordinates"":[]}"
201801,2018-01-01,-160,"{""type"":""MultiPoint"",""coordinates"":[]}"
201802,2018-02-01,-160,"{""type"":""MultiPoint"",""coordinates"":[]}"
201803,2018-03-01,-150,"{""type"":""MultiPoint"",""coordinates"":[]}"
201804,2018-04-01,-70,"{""type"":""MultiPoint"",""coordinates"":[]}"
201805,2018-05-01,190,"{""type"":""MultiPoint"",""coordinates"":[]}"
201806,2018-06-01,190,"{""type"":""MultiPoint"",""coordinates"":[]}"
201807,2018-07-01,260,"{""type"":""MultiPoint"",""coordinates"":[]}"
201808,2018-08-01,310,"{""type"":""MultiPoint"",""coordinates"":[]}"
201809,2018-09-01,420,"{""type"":""MultiPoint"",""coordinates"":[]}"
201810,2018-10-01,470,"{""type"":""MultiPoint"",""coordinates"":[]}"
201811,2018-11-01,590,"{""type"":""MultiPoint"",""coordinates"":[]}"
201812,2018-12-01,720,"{""type"":""MultiPoint"",""coordinates"":[]}"
201901,2019-01-01,690,"{""type"":""MultiPoint"",""coordinates"":[]}"
201902,2019-02-01,640,"{""type"":""MultiPoint"",""coordinates"":[]}"
201903,2019-03-01,570,"{""type"":""MultiPoint"",""coordinates"":[]}"
201904,2019-04-01,560,"{""type"":""MultiPoint"",""coordinates"":[]}"
201905,2019-05-01,400,"{""type"":""MultiPoint"",""coordinates"":[]}"
201906,2019-06-01,380,"{""type"":""MultiPoint"",""coordinates"":[]}"
201907,2019-07-01,290,"{""type"":""MultiPoint"",""coordinates"":[]}"
201908,2019-08-01,270,"{""type"":""MultiPoint"",""coordinates"":[]}"
201909,2019-09-01,140,"{""type"":""MultiPoint"",""coordinates"":[]}"
201910,2019-10-01,110,"{""type"":""MultiPoint"",""coordinates"":[]}"
201911,2019-11-01,70,"{""type"":""MultiPoint"",""coordinates"":[]}"
201912,2019-12-01,-190,"{""type"":""MultiPoint"",""coordinates"":[]}"
202001,2020-01-01,-169,"{""type"":""MultiPoint"",""coordinates"":[]}"
202002,2020-02-01,158,"{""type"":""MultiPoint"",""coordinates"":[]}"
202003,2020-03-01,73,"{""type"":""MultiPoint"",""coordinates"":[]}"
202004,2020-04-01,120,"{""type"":""MultiPoint"",""coordinates"":[]}"
202005,2020-05-01,220,"{""type"":""MultiPoint"",""coordinates"":[]}"
202006,2020-06-01,319,"{""type"":""MultiPoint"",""coordinates"":[]}"
202007,2020-07-01,288,"{""type"":""MultiPoint"",""coordinates"":[]}"
202008,2020-08-01,389,"{""type"":""MultiPoint"",""coordinates"":[]}"
202009,2020-09-01,508,"{""type"":""MultiPoint"",""coordinates"":[]}"
202010,2020-10-01,535,"{""type"":""MultiPoint"",""coordinates"":[]}"
202011,2020-11-01,559,"{""type"":""MultiPoint"",""coordinates"":[]}"
202012,2020-12-01,618,"{""type"":""MultiPoint"",""coordinates"":[]}"
202101,2021-01-01,594,"{""type"":""MultiPoint"",""coordinates"":[]}"
202102,2021-02-01,613,"{""type"":""MultiPoint"",""coordinates"":[]}"
202103,2021-03-01,485,"{""type"":""MultiPoint"",""coordinates"":[]}"
202104,2021-04-01,363,"{""type"":""MultiPoint"",""coordinates"":[]}"
202105,2021-05-01,252,"{""type"":""MultiPoint"",""coordinates"":[]}"
202106,2021-06-01,223,"{""type"":""MultiPoint"",""coordinates"":[]}"
202107,2021-07-01,239,"{""type"":""MultiPoint"",""coordinates"":[]}"
202108,2021-08-01,197,"{""type"":""MultiPoint"",""coordinates"":[]}"
202109,2021-09-01,157,"{""type"":""MultiPoint"",""coordinates"":[]}"
202110,2021-10-01,122,"{""type"":""MultiPoint"",""coordinates"":[]}"
202111,2021-11-01,-214,"{""type"":""MultiPoint"",""coordinates"":[]}"
202112,2021-12-01,-297,"{""type"":""MultiPoint"",""coordinates"":[]}"
202201,2022-01-01,-228,"{""type"":""MultiPoint"",""coordinates"":[]}"
202202,2022-02-01,-246,"{""type"":""MultiPoint"",""coordinates"":[]}"
202203,2022-03-01,-227,"{""type"":""MultiPoint"",""coordinates"":[]}"
202204,2022-04-01,-178,"{""type"":""MultiPoint"",""coordinates"":[]}"
202205,2022-05-01,-174,"{""type"":""MultiPoint"",""coordinates"":[]}"
202206,2022-06-01,-262,"{""type"":""MultiPoint"",""coordinates"":[]}"
202207,2022-07-01,-187,"{""type"":""MultiPoint"",""coordinates"":[]}"
202208,2022-08-01,-195,"{""type"":""MultiPoint"",""coordinates"":[]}"
202209,2022-09-01,-130,"{""type"":""MultiPoint"",""coordinates"":[]}"
202210,2022-10-01,-140,"{""type"":""MultiPoint"",""coordinates"":[]}"
202211,2022-11-01,-136,"{""type"":""MultiPoint"",""coordinates"":[]}"
202212,2022-12-01,-145,"{""type"":""MultiPoint"",""coordinates"":[]}"
202301,2023-01-01,-164,"{""type"":""MultiPoint"",""coordinates"":[]}"
202302,2023-02-01,-194,"{""type"":""MultiPoint"",""coordinates"":[]}"
202303,2023-03-01,-230,"{""type"":""MultiPoint"",""coordinates"":[]}"
202304,2023-04-01,-124,"{""type"":""MultiPoint"",""coordinates"":[]}"
202305,2023-05-01,-159,"{""type"":""MultiPoint"",""coordinates"":[]}"
202306,2023-06-01,-148,"{""type"":""MultiPoint"",""coordinates"":[]}"
202307,2023-07-01,-170,"{""type"":""MultiPoint"",""coordinates"":[]}"
202308,2023-08-01,-182,"{""type"":""MultiPoint"",""coordinates"":[]}"
202309,2023-09-01,-170,"{""type"":""MultiPoint"",""coordinates"":[]}"
202310,2023-10-01,-244,"{""type"":""MultiPoint"",""coordinates"":[]}"
202311,2023-11-01,-289,"{""type"":""MultiPoint"",""coordinates"":[]}"
202312,2023-12-01,-286,"{""type"":""MultiPoint"",""coordinates"":[]}"
202401,2024-01-01,-257,"{""type"":""MultiPoint"",""coordinates"":[]}"
202402,2024-02-01,-302,"{""type"":""MultiPoint"",""coordinates"":[]}"
202403,2024-03-01,-243,"{""type"":""MultiPoint"",""coordinates"":[]}"
202404,2024-04-01,-250,"{""type"":""MultiPoint"",""coordinates"":[]}"
202405,2024-05-01,-119,"{""type"":""MultiPoint"",""coordinates"":[]}"
202406,2024-06-01,-185,"{""type"":""MultiPoint"",""coordinates"":[]}"
202407,2024-07-01,133,"{""type"":""MultiPoint"",""coordinates"":[]}"
202408,2024-08-01,287,"{""type"":""MultiPoint"",""coordinates"":[]}"
202409,2024-09-01,402,"{""type"":""MultiPoint"",""coordinates"":[]}"
202410,2024-10-01,300,"{""type"":""MultiPoint"",""coordinates"":[]}"
202411,2024-11-01,266,"{""type"":""MultiPoint"",""coordinates"":[]}"
202412,2024-12-01,285,"{""type"":""MultiPoint"",""coordinates"":[]}"
